amazon-order-id	merchant-order-id	purchase-date	last-updated-date	order-status	sku	product-name	quantity-purchased	currency	item-price	item-tax	shipping-price	buyer-email	ship-city	ship-state
111-4777549-5858146	MRC000001	2026-03-29T17:16:37.492017+00:00	2026-03-29T17:16:37.492017+00:00	Shipped	B0CAS001BKL	Casaca Cuero Negra L	2	USD	292.76	23.42	0.00	smeyer@example.org	South Jeffrey	AK
111-7011014-2234021	MRC000002	2026-04-05T14:14:45.492283+00:00	2026-04-07T14:14:45.492283+00:00	Shipped	B0PAN002BK32	Pantalon Chino Negro 32	1	USD	62.93	5.03	0.00	darrylsmith@example.org	Heatherfurt	OR
111-1587258-6780607	MRC000003	2026-04-08T15:38:39.492379+00:00	2026-04-11T15:38:39.492379+00:00	Shipped	B0PAN001BE32	Pantalon Chino Beige 32	1	USD	65.62	5.25	0.00	qmiranda@example.com	Charlesport	RI
111-1634741-6513879	MRC000004	2026-04-21T13:49:02.492447+00:00	2026-04-23T13:49:02.492447+00:00	Shipped	B0CAM003BEM	Camisa Lino Beige M	-3	USD	173.25	13.86	9.99	danieljones@example.org	Susanville	SC
111-1731875-5663555	MRC000005	2026-04-01T20:21:52.492529+00:00	2026-04-02T20:21:52.492529+00:00	Shipped	B0CAS003GRL	Hoodie Gris L	1	USD	71.34	5.71	9.99	austin61@example.com	Starkborough	DC
111-2870981-7055620	MRC000006	2026-04-10T06:53:47.492594+00:00	2026-04-12T06:53:47.492594+00:00	Shipped	B0ZAP001WH42	Zapatilla Urbana Blanca 42	1	USD	78.29	6.26	0.00	julie00@example.net	Mckinneymouth	MN
111-1090543-5927443	MRC000007	2026-03-31T22:57:31.492664+00:00	2026-03-31T22:57:31.492664+00:00	Shipped	b0zap005br43	Bota Trekking Marron 43	1	USD	135.92	10.87	0.00	lmccoy@example.net	East Timothy	WY
111-2088443-9593869	MRC000008	2026-04-21T00:19:39.492734+00:00	2026-04-23T00:19:39.492734+00:00	Shipped	B0CAM002WHL	Camisa Oxford Blanca L	3	USD	148.11	11.85	5.99	christina04@example.org	East Nicoleshire	WV
111-3209734-3220080	MRC000009	2026-03-28T09:43:17.492794+00:00	2026-03-29T09:43:17.492794+00:00	Shipped	B0PAN002BK32	Pantalon Chino Negro 32	1	USD	59.76	4.78	5.99	virginia59@example.org	Rodriguezmouth	DE
111-7073377-5079082	MRC000010	2026-03-26T23:52:46.492856+00:00	2026-03-26T23:52:46.492856+00:00	Shipped	B0ACC007GR	Bufanda Lana Gris	1	USD	25.65	2.05	0.00	catherinebrown@example.com	Lake Cindyville	FL
111-7136493-9851189	MRC000011	2026-04-17T04:32:42.492942+00:00	2026-04-17T04:32:42.492942+00:00	Shipped	B0ACC001BK	Correa Cuero Negra	1	USD	29.00	2.32	7.99		Samanthaland	KY
111-7136493-9851189	MRC000011	2026-04-17T04:32:42.492942+00:00	2026-04-17T04:32:42.492942+00:00	Shipped	B0ACC001BK	Correa Cuero Negra	1	USD	29.00	2.32	7.99		Samanthaland	KY
111-7410438-9516423	MRC000012	2026-04-04T06:26:38.493031+00:00	2026-04-07T06:26:38.493031+00:00	Shipped	B0ACC008BK	Guantes Cuero Negros	1	USD	37.36	2.99	0.00	smithjoshua@example.net	Port Mary	MP
111-7410438-9516423	MRC000012	2026-04-04T06:26:38.493031+00:00	2026-04-07T06:26:38.493031+00:00	Shipped	B0ACC008BK	Guantes Cuero Negros	1	USD	37.36	2.99	0.00	smithjoshua@example.net	Port Mary	MP
111-4153359-1262511	MRC000013	2026-04-23T07:02:10.493120+00:00	2026-04-23T07:02:10.493120+00:00	Shipped	B0PAN002BK32	Pantalon Chino Negro 32	1	USD	58.07	4.65	9.99		New Karenmouth	ND
111-2116953-6399422	MRC000014	2026-04-17T17:46:03.493210+00:00	2026-04-19T17:46:03.493210+00:00	Refunded	B0PAN005GR32	Bermuda Cargo Verde 32	2	USD	87.48	7.00	5.99		Powellside	FM
111-3645544-8197302	MRC000015	2026-04-14T12:09:29.493280+00:00	2026-04-16T12:09:29.493280+00:00	Pending	B0POL004RDM	Polo Deportivo Rojo M	-1	USD	30.93	2.47	0.00	qjones@example.org	Lake David	NV
111-3885450-9056044	MRC000016	2026-04-11T04:17:58.493341+00:00	2026-04-12T04:17:58.493341+00:00	Shipped	B0PAN002BK32	Pantalon Chino Negro 32	1	USD	58.37	4.67	7.99	ccurtis@example.org	Rachelberg	KY
111-8677407-2882445	MRC000017	2026-03-26T22:03:19.493402+00:00	2026-03-28T22:03:19.493402+00:00	Shipped	B0ACC001BK	Correa Cuero Negra	1	USD	30.10	2.41	0.00	john38@example.com	New Josephchester	UT
111-1553690-5579992	MRC000018	2026-04-07T05:16:25.493455+00:00	2026-04-10T05:16:25.493455+00:00	Shipped	B0CAM001BLM	Camisa Oxford Azul M	-1	USD	50.62	4.05	9.99	veronicachavez@example.org	New Michael	DE
111-6698666-8443151	MRC000019	2026-04-13T17:23:25.493537+00:00	2026-04-16T17:23:25.493537+00:00	Cancelled	B0ZAP004BK42	Sandalia Playa Negra 42	1	USD	26.31	2.10	0.00	tammy72@example.org	South Sharonfurt	MS
111-3835774-2001298	MRC000020	2026-03-27T12:56:33.493595+00:00	2026-03-30T12:56:33.493595+00:00	Shipped	B0ACC003BK	Gorra Logo Negra	1	USD	21.72	1.74	5.99	krobinson@example.net	Lake Wendy	MA
111-1881149-1915962	MRC000021	2026-04-20T22:57:23.493662+00:00	2026-04-20T22:57:23.493662+00:00	Shipped	B0PAN001BE32	Pantalon Chino Beige 32	1	USD	60.12	4.81	5.99	alexander39@example.org	East Amy	CA
111-9175038-1504245	MRC000022	2026-04-07T20:26:54.493720+00:00	2026-04-07T20:26:54.493720+00:00	Shipped	 B0ZAP001WH42	Zapatilla Urbana Blanca 42	2	USD	168.68	13.49	0.00	davisamanda@example.org	Richardview	PW
111-7522416-9103189	MRC000023	2026-03-25T09:32:27.493809+00:00	2026-03-26T09:32:27.493809+00:00	Refunded	B0CAM003BEM	Camisa Lino Beige M	1	USD	57.86	4.63	0.00	erikabarker@example.com	Tiffanyport	AK
111-9987477-6764395	MRC000024	2026-04-13T21:06:54.493889+00:00	2026-04-13T21:06:54.493889+00:00	Shipped	B0POL005BLL	Polo Deportivo Azul L	2	USD	59.32	4.75	9.99		North Glenn	DE
111-4229626-6353196	MRC000025	2026-04-02T04:12:14.493970+00:00	2026-04-05T04:12:14.493970+00:00	Shipped	B0POL001BKM	Polo Basico Negro M	1	USD	19.64	1.57	0.00	paulawolfe@example.com	Mckenziebury	OR
111-9093890-9193176	MRC000026	2026-03-28T20:52:01.494068+00:00	2026-03-28T20:52:01.494068+00:00	Refunded	B0ZAP001WH42	Zapatilla Urbana Blanca 42	1	USD	85.99	6.88	5.99	sydney44@example.com	Lake Stacie	NJ
111-6189462-5011217	MRC000027	2026-04-01T20:32:37.494125+00:00	2026-04-02T20:32:37.494125+00:00	Shipped	B0CAM002WHL	Camisa Oxford Blanca L	-1	USD	48.81	3.90	0.00	justinmcintyre@example.com	Campbellport	UT
111-4914692-9944445	MRC000028	2026-03-27T20:01:43.494226+00:00	2026-03-28T20:01:43.494226+00:00	Shipped	B0CAS003GRL	Hoodie Gris L	1	USD	67.55	5.40	9.99	ycrawford@example.com	Rodriguezview	OR
111-7210683-9718945	MRC000029	2026-04-09T08:07:40.494296+00:00	2026-04-09T08:07:40.494296+00:00	Shipped	 B0PAN005GR32	Bermuda Cargo Verde 32	2	USD	93.62	7.49	0.00	johnathanwalker@example.net	West Blake	IN
111-9370388-6880701	MRC000030	2026-04-22T20:47:54.494377+00:00	2026-04-23T20:47:54.494377+00:00	Shipped	B0CAS004BKM	Chompa Lana Negra M	1	USD	87.78	7.02	7.99	cjordan@example.com	Davisbury	AS
111-5328644-1195669	MRC000031	2026-04-11T03:16:40.494447+00:00	2026-04-12T03:16:40.494447+00:00	Shipped	B0POL002WHM	Polo Basico Blanco M	1	USD	20.07	1.61	5.99	andrew35@example.net	Scotttown	OK
111-9831543-2441251	MRC000032	2026-04-15T07:51:54.494499+00:00	2026-04-17T07:51:54.494499+00:00	Shipped	B0POL002WHM	Polo Basico Blanco M	2	USD	39.52	3.16	0.00		Marytown	MI
111-7198082-7524563	MRC000033	2026-04-02T05:01:20.494583+00:00	2026-04-02T05:01:20.494583+00:00	Shipped	B0PAN005GR32	Bermuda Cargo Verde 32	1	USD	43.94	3.52	7.99	briansantiago@example.org	West Patrickburgh	NV
111-9608760-8221213	MRC000034	2026-04-12T09:17:20.494672+00:00	2026-04-12T09:17:20.494672+00:00	Shipped	B0ZAP002BK41	Zapatilla Running Negra 41	1	USD	95.16	7.61	9.99	bryan38@example.org	Christon	AR
111-2311992-1802812	MRC000035	2026-04-08T21:34:24.494729+00:00	2026-04-08T21:34:24.494729+00:00	Shipped	B0ACC008BK	Guantes Cuero Negros	2	USD	66.84	5.35	5.99	arnoldjennifer@example.com	Rodriguezside	MA
111-4996084-8222939	MRC000036	2026-04-21T05:08:18.494825+00:00	2026-04-21T05:08:18.494825+00:00	Shipped	B0ACC008BK	Guantes Cuero Negros	1	USD	36.42	2.91	5.99	tperez@example.net	Johnsontown	MO
111-2363860-9300097	MRC000037	2026-04-13T22:48:38.494894+00:00	2026-04-13T22:48:38.494894+00:00	Shipped	B0ACC002BR	Billetera Cuero Marron	1	USD	42.12	3.37	5.99	claytonangela@example.org	Port Cassandrabury	SC
111-8802038-3552665	MRC000038	2026-04-02T09:40:41.494976+00:00	2026-04-04T09:40:41.494976+00:00	Shipped	B0ZAP005BR43	Bota Trekking Marron 43	1	USD	123.90	9.91	5.99	dhansen@example.com	Mcintoshshire	NC
111-8252932-5903508	MRC000039	2026-04-19T09:05:21.495052+00:00	2026-04-22T09:05:21.495052+00:00	Shipped	B0CAM002WHL	Camisa Oxford Blanca L	1	USD	47.60	3.81	7.99		East Cody	FM
111-2453525-3657290	MRC000040	2026-04-12T20:13:42.495140+00:00	2026-04-13T20:13:42.495140+00:00	Shipped	B0CAS002BLM	Casaca Jean Azul M	1	USD	98.42	7.87	0.00	joshua85@example.org	Hortontown	MA
111-5572577-4923916	MRC000041	2026-04-17T23:44:47.495208+00:00	2026-04-18T23:44:47.495208+00:00	Shipped	B0ZAP004BK42	Sandalia Playa Negra 42	1	USD	26.74	2.14	9.99	robertgraves@example.com	Taylorfurt	IA
111-4851350-3320497	MRC000042	2026-04-11T07:27:28.495296+00:00	2026-04-11T07:27:28.495296+00:00	Shipped	B0ACC002BR	Billetera Cuero Marron	1	USD	38.42	3.07	0.00	jamescarroll@example.com	Robertmouth	FM
111-5833230-7683557	MRC000043	2026-04-11T22:05:39.495387+00:00	2026-04-13T22:05:39.495387+00:00	Shipped	B0ACC006BK	Reloj Deportivo Negro	1	USD	88.71	7.10	0.00	myerstaylor@example.net	Briannaburgh	MP
111-1897074-6496024	MRC000044	2026-04-11T14:50:38.495468+00:00	2026-04-12T14:50:38.495468+00:00	Shipped	B0POL002WHM	Polo Basico Blanco M	1	USD	21.05	1.68	9.99		West Kirkport	OK
111-8260403-7976252	MRC000045	2026-04-23T18:43:41.495548+00:00	2026-04-26T18:43:41.495548+00:00	Shipped	B0PAN004BKM	Short Deportivo Negro M	1	USD	35.43	2.83	9.99	stanleymendez@example.org	Parkerhaven	FM
111-8084794-7936769	MRC000046	2026-04-04T12:06:04.495641+00:00	2026-04-07T12:06:04.495641+00:00	Shipped	B0POL002WHM	Polo Basico Blanco M	1	USD	21.53	1.72	7.99	markhill@example.org	South Tiffanyside	WI
111-3904714-3401079	MRC000047	2026-03-31T02:38:18.495729+00:00	2026-04-03T02:38:18.495729+00:00	Shipped	B0CAM001BLM	Camisa Oxford Azul M	2	USD	106.74	8.54	7.99	catherinehall@example.net	South Toni	ME
111-7511449-1023136	MRC000048	2026-03-30T03:52:20.495815+00:00	2026-04-01T03:52:20.495815+00:00	Shipped	B0ACC006BK	Reloj Deportivo Negro	1	USD	91.84	7.35	0.00	douglas64@example.net	Woodton	MN
111-9061341-6863770	MRC000049	2026-04-04T22:30:55.495876+00:00	2026-04-04T22:30:55.495876+00:00	Shipped	B0PAN004BKM	Short Deportivo Negro M	2	USD	76.70	6.14	0.00	christian01@example.net	Adriennefurt	OH
111-4811882-2851756	MRC000050	2026-03-28T09:53:46.495931+00:00	2026-03-30T09:53:46.495931+00:00	Shipped	B0PAN005GR32	Bermuda Cargo Verde 32	2	USD	89.28	7.14	5.99	kbell@example.org	West Tracy	SD
111-3703478-4226971	MRC000051	2026-03-31T23:30:34.495999+00:00	2026-04-02T23:30:34.495999+00:00	Shipped	B0CAS002BLM	Casaca Jean Azul M	3	USD	274.83	21.99	0.00	qjohnson@example.net	North Lawrenceview	AL
111-4398090-6285416	MRC000052	2026-03-26T07:00:49.496066+00:00	2026-03-29T07:00:49.496066+00:00	Shipped	B0ZAP004BK42	Sandalia Playa Negra 42	1	USD	25.52	2.04	0.00	curtisbowen@example.net	Stephanieport	AK
111-3671250-7926680	MRC000053	2026-04-16T09:48:52.496154+00:00	2026-04-19T09:48:52.496154+00:00	Shipped	B0ZAP005BR43	Bota Trekking Marron 43	1	USD	129.10	10.33	0.00	cabreramichael@example.com	Ryanland	MP
111-4963078-3928819	MRC000054	2026-03-29T19:45:39.496239+00:00	2026-03-29T19:45:39.496239+00:00	Shipped	B0ZAP004BK42	Sandalia Playa Negra 42	1	USD	26.94	2.16	0.00	alexis31@example.net	Grayhaven	TX
111-4398761-9006662	MRC000055	2026-04-23T20:39:36.496305+00:00	2026-04-24T20:39:36.496305+00:00	Shipped	B0PAN003BL30	Jean Slim Azul 30	1	USD	66.86	5.35	5.99	jamesthornton@example.com	Walltown	FL
111-6519569-3285903	MRC000056	2026-03-26T15:31:53.496394+00:00	2026-03-28T15:31:53.496394+00:00	Shipped	B0ZAP003BR42	Mocasin Marron 42	1	USD	90.08	7.21	9.99	jessica74@example.net	Williamsbury	PA
111-6519569-3285903	MRC000056	2026-03-26T15:31:53.496394+00:00	2026-03-28T15:31:53.496394+00:00	Shipped	B0ZAP003BR42	Mocasin Marron 42	1	USD	90.08	7.21	9.99	jessica74@example.net	Williamsbury	PA
111-8163780-1292171	MRC000057	2026-04-03T13:48:17.496455+00:00	2026-04-06T13:48:17.496455+00:00	Shipped	B0POL004RDM	Polo Deportivo Rojo M	1	USD	29.03	2.32	5.99	smitchell@example.net	Garciaburgh	RI
111-6050728-9228230	MRC000058	2026-04-20T02:36:56.496525+00:00	2026-04-21T02:36:56.496525+00:00	Pending	B0ACC001BK	Correa Cuero Negra	1	USD	32.60	2.61	0.00	rbeck@example.com	New Samanthaton	FL
111-6493031-6427676	MRC000059	2026-04-23T15:09:25.496593+00:00	2026-04-24T15:09:25.496593+00:00	Shipped	B0CAS003GRL	Hoodie Gris L	1	USD	67.98	5.44	5.99	williamschristopher@example.org	East Jonathan	AL
111-4414038-4114090	MRC000060	2026-04-19T01:02:42.496682+00:00	2026-04-21T01:02:42.496682+00:00	Shipped	B0CAS003GRL	Hoodie Gris L	1	USD	67.87	5.43	7.99	dcooper@example.net	New Cindy	WA
111-4414038-4114090	MRC000060	2026-04-19T01:02:42.496682+00:00	2026-04-21T01:02:42.496682+00:00	Shipped	B0CAS003GRL	Hoodie Gris L	1	USD	67.87	5.43	7.99	dcooper@example.net	New Cindy	WA
111-8868036-6062549	MRC000061	2026-04-02T17:12:23.496752+00:00	2026-04-02T17:12:23.496752+00:00	Shipped	B0ACC008BK	Guantes Cuero Negros	3	USD	113.04	9.04	5.99	russellsmith@example.org	South Nathanside	VA
111-5033895-3999041	MRC000062	2026-04-23T17:09:26.496838+00:00	2026-04-25T17:09:26.496838+00:00	Shipped	B0ACC003BK	Gorra Logo Negra	1	USD	19.28	1.54	9.99	michaelanderson@example.net	South Benjaminfurt	IA
111-8727168-6429132	MRC000063	2026-04-06T06:39:12.496918+00:00	2026-04-06T06:39:12.496918+00:00	Shipped	B0ACC001BK	Correa Cuero Negra	1	USD	31.16	2.49	9.99	haley65@example.net	Mclaughlinside	LA
111-9355146-9678096	MRC000064	2026-04-18T18:45:22.496981+00:00	2026-04-21T18:45:22.496981+00:00	Pending	B0PAN001BE32	Pantalon Chino Beige 32	1	USD	65.01	5.20	0.00	waltonedwin@example.net	West Drew	MH
111-4409292-6491739	MRC000065	2026-04-13T10:10:19.497069+00:00	2026-04-13T10:10:19.497069+00:00	Shipped	B0ACC002BR	Billetera Cuero Marron	1	USD	38.38	3.07	9.99	jessica31@example.net	Lake Loriport	OR
111-1913180-5542677	MRC000066	2026-04-11T19:00:17.497126+00:00	2026-04-11T19:00:17.497126+00:00	Shipped	B0ACC008BK	Guantes Cuero Negros	1	USD	33.38	2.67	0.00	cbauer@example.com	Lake Christopher	NV
111-5712742-7617896	MRC000067	2026-04-18T15:32:35.497193+00:00	2026-04-18T15:32:35.497193+00:00	Shipped	B0ACC008BK	Guantes Cuero Negros	-1	USD	33.59	2.69	7.99	robinwilliams@example.net	Lake Ericstad	CA
111-5752457-8861827	MRC000068	2026-04-22T14:37:12.497281+00:00	2026-04-22T14:37:12.497281+00:00	Shipped	B0CAM001BLM	Camisa Oxford Azul M	1	USD	52.01	4.16	0.00		New Heatherstad	GU
111-9408918-9454975	MRC000069	2026-03-28T03:14:45.497365+00:00	2026-03-29T03:14:45.497365+00:00	Shipped	B0PAN005GR32	Bermuda Cargo Verde 32	1	USD	49.03	3.92	0.00		Deanland	GA
111-8684153-2444448	MRC000070	2026-04-14T16:53:19.497425+00:00	2026-04-16T16:53:19.497425+00:00	Shipped	B0CAS003GRL	Hoodie Gris L	3	USD	201.90	16.15	0.00	blaircourtney@example.com	Port Jeromeville	NC
111-9650775-4512880	MRC000071	2026-04-08T03:34:18.497510+00:00	2026-04-08T03:34:18.497510+00:00	Shipped	B0ACC007GR	Bufanda Lana Gris	2	USD	52.48	4.20	7.99	zhuffman@example.org	Melissaton	SC
111-7809187-3093913	MRC000072	2026-04-12T15:07:36.497577+00:00	2026-04-12T15:07:36.497577+00:00	Shipped	B0ACC003BK	Gorra Logo Negra	1	USD	19.38	1.55	7.99	brianroberts@example.net	Kristybury	WI
111-6948958-6495425	MRC000073	2026-04-15T10:06:09.497665+00:00	2026-04-15T10:06:09.497665+00:00	Shipped	B0ACC001BK	Correa Cuero Negra	-1	USD	31.12	2.49	5.99	leslieingram@example.org	Joycechester	IN
111-2417466-2098408	MRC000074	2026-04-08T22:45:35.497748+00:00	2026-04-09T22:45:35.497748+00:00	Shipped	B0ACC004GR	Mochila Urbana Gris	1	USD	57.18	4.57	0.00	nstout@example.com	North Margaret	AZ
111-4404362-2412308	MRC000075	2026-04-08T18:20:33.497808+00:00	2026-04-08T18:20:33.497808+00:00	Shipped	B0ACC007GR	Bufanda Lana Gris	1	USD	24.78	1.98	5.99	odonnellbrandi@example.org	Fitzgeraldchester	NE
111-7015891-5910854	MRC000076	2026-04-07T23:12:06.497896+00:00	2026-04-09T23:12:06.497896+00:00	Pending	B0ACC008BK	Guantes Cuero Negros	-3	USD	101.46	8.12	0.00	nperry@example.net	Coxshire	GU
111-9013827-1057160	MRC000077	2026-04-07T19:14:41.497965+00:00	2026-04-10T19:14:41.497965+00:00	Shipped	B0ZAP005BR43	Bota Trekking Marron 43	1	USD	137.85	11.03	5.99	bjohnson@example.org	Hayesfort	WA
111-6962345-4658941	MRC000078	2026-03-27T13:51:42.498037+00:00	2026-03-28T13:51:42.498037+00:00	Pending	B0ZAP002BK41	Zapatilla Running Negra 41	1	USD	102.59	8.21	9.99	agutierrez@example.org	Loveburgh	AS
111-2882791-8743179	MRC000079	2026-03-29T19:40:23.498113+00:00	2026-03-31T19:40:23.498113+00:00	Shipped	B0CAS003GRL	Hoodie Gris L	1	USD	70.34	5.63	5.99		East Alisha	NV
111-2008874-5398621	MRC000080	2026-04-21T22:30:15.498186+00:00	2026-04-23T22:30:15.498186+00:00	Shipped	B0ZAP005BR43	Bota Trekking Marron 43	1	USD	126.88	10.15	0.00	arellanovanessa@example.net	Annefurt	AS
111-4114078-2221333	MRC000081	2026-03-26T16:16:03.498274+00:00	2026-03-28T16:16:03.498274+00:00	Shipped	B0PAN002BK32	Pantalon Chino Negro 32	2	USD	130.52	10.44	0.00	solomonwilliam@example.org	Lake Jasminestad	PR
111-6895261-7104440	MRC000082	2026-03-27T03:39:22.498357+00:00	2026-03-28T03:39:22.498357+00:00	Refunded	B0ACC004GR	Mochila Urbana Gris	1	USD	57.27	4.58	0.00	vthompson@example.org	Baileytown	UT
111-9687804-7541519	MRC000083	2026-04-17T14:47:07.498426+00:00	2026-04-17T14:47:07.498426+00:00	Shipped	B0POL002WHM	Polo Basico Blanco M	3	USD	59.76	4.78	9.99	jacksonholly@example.com	Harveyside	MS
111-6918570-2462273	MRC000084	2026-04-12T22:54:09.498520+00:00	2026-04-13T22:54:09.498520+00:00	Shipped	B0PAN004BKM	Short Deportivo Negro M	1	USD	37.61	3.01	5.99		Kathleenchester	FM
111-2027572-9029465	MRC000085	2026-04-08T18:33:05.498577+00:00	2026-04-08T18:33:05.498577+00:00	Shipped	B0ZAP001WH42	Zapatilla Urbana Blanca 42	3	USD	235.05	18.80	0.00	marcia17@example.com	South William	VA
111-8856724-9336500	MRC000086	2026-04-08T10:12:31.498634+00:00	2026-04-09T10:12:31.498634+00:00	Shipped	B0CAS001BKL	Casaca Cuero Negra L	1	USD	148.45	11.88	0.00	angelaboyd@example.net	South Andrewchester	ME
111-9396965-9242034	MRC000087	2026-04-15T16:32:45.498726+00:00	2026-04-18T16:32:45.498726+00:00	Refunded	B0ZAP002BK41	Zapatilla Running Negra 41	1	USD	98.57	7.89	0.00	griffinbrittany@example.net	West Stuart	MD
111-6497776-1006091	MRC000088	2026-04-08T04:13:13.498813+00:00	2026-04-10T04:13:13.498813+00:00	Shipped	B0PAN002BK32	Pantalon Chino Negro 32	1	USD	59.03	4.72	0.00	sharonlewis@example.com	Jasonberg	NV
111-5939136-8502263	MRC000089	2026-04-06T04:22:25.498904+00:00	2026-04-08T04:22:25.498904+00:00	Shipped	B0ACC006BK	Reloj Deportivo Negro	1	USD	92.63	7.41	0.00		Barronchester	ND
111-5952929-5990306	MRC000090	2026-04-02T18:42:50.498974+00:00	2026-04-05T18:42:50.498974+00:00	Shipped	 B0ACC004GR	Mochila Urbana Gris	3	USD	186.78	14.94	5.99		Matthewhaven	ND
111-2441351-8399092	MRC000091	2026-04-14T02:58:03.499059+00:00	2026-04-15T02:58:03.499059+00:00	Shipped	B0PAN003BL30	Jean Slim Azul 30	1	USD	73.21	5.86	5.99		North Katherine	KY
111-6428978-9121569	MRC000092	2026-04-01T05:41:35.499146+00:00	2026-04-01T05:41:35.499146+00:00	Shipped	B0ZAP004BK42	Sandalia Playa Negra 42	1	USD	25.19	2.02	0.00	andreasavage@example.com	Lake Danielleshire	AZ
111-3760592-1504751	MRC000093	2026-03-31T00:30:08.499234+00:00	2026-04-03T00:30:08.499234+00:00	Shipped	B0PAN004BKM	Short Deportivo Negro M	1	USD	34.73	2.78	0.00	harrisanna@example.net	Castroberg	SC
111-4725781-3885860	MRC000094	2026-03-29T04:11:09.499328+00:00	2026-03-30T04:11:09.499328+00:00	Shipped	B0PAN005GR32	Bermuda Cargo Verde 32	1	USD	47.84	3.83	9.99	catherine30@example.net	Alexandermouth	DC
111-1609848-1182225	MRC000095	2026-03-28T08:26:46.499378+00:00	2026-03-29T08:26:46.499378+00:00	Shipped	B0ACC003BK	Gorra Logo Negra	1	USD	20.17	1.61	5.99	carl88@example.com	North Tinamouth	AK
111-2921432-7419479	MRC000096	2026-04-12T09:31:21.499430+00:00	2026-04-14T09:31:21.499430+00:00	Shipped	B0ZAP004BK42	Sandalia Playa Negra 42	-1	USD	26.97	2.16	0.00	donald69@example.org	Webbberg	MN
111-5121186-9453939	MRC000097	2026-04-14T11:42:27.499491+00:00	2026-04-16T11:42:27.499491+00:00	Shipped	B0CAS004BKM	Chompa Lana Negra M	1	USD	78.17	6.25	7.99	james79@example.net	New Johnport	WI
111-9453291-7327414	MRC000098	2026-04-13T09:04:50.499543+00:00	2026-04-16T09:04:50.499543+00:00	Shipped	B0CAM001BLM	Camisa Oxford Azul M	2	USD	96.26	7.70	0.00	tracy66@example.com	East Joshua	AK
111-8687446-7574679	MRC000099	2026-04-05T08:28:32.499598+00:00	2026-04-07T08:28:32.499598+00:00	Shipped	B0CAS004BKM	Chompa Lana Negra M	1	USD	87.22	6.98	0.00	ksmith@example.com	New Rachelmouth	UT
111-8687446-7574679	MRC000099	2026-04-05T08:28:32.499598+00:00	2026-04-07T08:28:32.499598+00:00	Shipped	B0CAS004BKM	Chompa Lana Negra M	1	USD	87.22	6.98	0.00	ksmith@example.com	New Rachelmouth	UT
111-6577719-2663380	MRC000100	2026-04-03T11:26:07.499666+00:00	2026-04-05T11:26:07.499666+00:00	Shipped	B0CAS001BKL	Casaca Cuero Negra L	1	USD	161.91	12.95	9.99		Port Kelly	WA
111-9474854-6842498	MRC000101	2026-04-08T04:07:02.499753+00:00	2026-04-09T04:07:02.499753+00:00	Shipped	B0ZAP003BR42	Mocasin Marron 42	1	USD	95.49	7.64	7.99	petersondebra@example.net	Port Jamesburgh	MN
111-1952637-1198566	MRC000102	2026-04-23T20:50:18.499838+00:00	2026-04-23T20:50:18.499838+00:00	Shipped	 B0ACC003BK	Gorra Logo Negra	3	USD	57.69	4.62	0.00	zimmermanwayne@example.net	North James	WI
111-2696704-5759353	MRC000103	2026-04-17T05:06:32.499917+00:00	2026-04-19T05:06:32.499917+00:00	Shipped	B0CAM001BLM	Camisa Oxford Azul M	1	USD	52.78	4.22	9.99	jrodriguez@example.net	Turnerland	CO
111-8942718-2415192	MRC000104	2026-04-03T20:51:40.499990+00:00	2026-04-05T20:51:40.499990+00:00	Shipped	B0CAM003BEM	Camisa Lino Beige M	1	USD	56.79	4.54	7.99	carlawillis@example.net	East Stevenberg	FL
111-6230853-1109781	MRC000105	2026-04-09T22:16:04.500084+00:00	2026-04-09T22:16:04.500084+00:00	Shipped	B0POL002WHM	Polo Basico Blanco M	1	USD	20.73	1.66	0.00	whitneywheeler@example.com	New Michael	PR
111-2212203-4862078	MRC000106	2026-04-07T05:41:17.500178+00:00	2026-04-10T05:41:17.500178+00:00	Cancelled	B0POL002WHM	Polo Basico Blanco M	1	USD	20.31	1.62	0.00	veronica19@example.com	Hebertside	AR
111-1685770-5843729	MRC000107	2026-04-01T13:19:58.500245+00:00	2026-04-04T13:19:58.500245+00:00	Shipped	b0pol005bll	Polo Deportivo Azul L	1	USD	29.33	2.35	0.00	april28@example.com	Port Cynthiaborough	MH
111-3328242-7673564	MRC000108	2026-04-03T07:24:35.500304+00:00	2026-04-04T07:24:35.500304+00:00	Shipped	B0CAM001BLM	Camisa Oxford Azul M	1	USD	49.57	3.97	0.00		Carterview	CA
111-8598659-8493800	MRC000109	2026-04-04T07:03:39.500386+00:00	2026-04-05T07:03:39.500386+00:00	Shipped	B0PAN003BL30	Jean Slim Azul 30	2	USD	138.74	11.10	0.00	fostersarah@example.org	Mcfarlandland	MI
111-7284686-9172701	MRC000110	2026-04-10T10:27:31.500476+00:00	2026-04-10T10:27:31.500476+00:00	Shipped	B0POL003BLL	Polo Estampado Azul L	1	USD	24.56	1.96	7.99	markwilliams@example.net	Mayhaven	TX
111-3735657-5090667	MRC000111	2026-04-22T08:46:13.500572+00:00	2026-04-23T08:46:13.500572+00:00	Shipped	B0POL005BLL	Polo Deportivo Azul L	2	USD	61.78	4.94	0.00	johnsonjohn@example.org	West Pamelaview	AR
111-7853591-9969995	MRC000112	2026-04-01T04:56:40.500660+00:00	2026-04-01T04:56:40.500660+00:00	Shipped	B0CAM001BLM	Camisa Oxford Azul M	1	USD	50.39	4.03	9.99		North Andrewfort	VA
111-2693365-9798688	MRC000113	2026-04-14T11:25:04.500718+00:00	2026-04-15T11:25:04.500718+00:00	Shipped	B0CAM002WHL	Camisa Oxford Blanca L	1	USD	54.87	4.39	0.00	whitakermichelle@example.com	Lake Helenmouth	PR
111-1809109-2187603	MRC000114	2026-04-01T13:28:03.500806+00:00	2026-04-02T13:28:03.500806+00:00	Shipped	B0CAS004BKM	Chompa Lana Negra M	2	USD	158.80	12.70	9.99	ejackson@example.com	North Levi	VA
111-1654660-2840159	MRC000115	2026-04-17T02:52:02.500867+00:00	2026-04-19T02:52:02.500867+00:00	Shipped	B0CAM002WHL	Camisa Oxford Blanca L	1	USD	50.13	4.01	0.00	ccampbell@example.net	Bruceville	CO
111-5658012-6950267	MRC000116	2026-03-29T21:39:54.500940+00:00	2026-03-30T21:39:54.500940+00:00	Refunded	B0ACC007GR	Bufanda Lana Gris	1	USD	26.81	2.14	0.00		West Jason	DE
111-6595175-1319110	MRC000117	2026-04-03T16:21:01.501019+00:00	2026-04-05T16:21:01.501019+00:00	Cancelled	B0ZAP002BK41	Zapatilla Running Negra 41	1	USD	108.07	8.65	0.00		Port Stevenfort	ID
111-4823030-5257461	MRC000118	2026-04-07T05:48:36.501104+00:00	2026-04-08T05:48:36.501104+00:00	Shipped	B0CAS004BKM	Chompa Lana Negra M	1	USD	84.25	6.74	7.99	bethanyellis@example.org	Amandamouth	RI
111-5536228-3596180	MRC000119	2026-04-22T04:39:35.501191+00:00	2026-04-25T04:39:35.501191+00:00	Shipped	B0CAS001BKL	Casaca Cuero Negra L	1	USD	148.27	11.86	0.00	pottersamantha@example.net	Tiffanyshire	UT
111-5363723-8233109	MRC000120	2026-03-27T13:40:34.501278+00:00	2026-03-27T13:40:34.501278+00:00	Shipped	B0PAN004BKM	Short Deportivo Negro M	1	USD	36.70	2.94	7.99	blakemays@example.com	Torresstad	NE
111-1769676-5092250	MRC000121	2026-04-17T00:04:41.501369+00:00	2026-04-20T00:04:41.501369+00:00	Shipped	B0CAS003GRL	Hoodie Gris L	1	USD	62.12	4.97	7.99	kaylacarter@example.org	Franklinville	PA
111-7320507-2379208	MRC000122	2026-04-04T23:36:10.501459+00:00	2026-04-06T23:36:10.501459+00:00	Shipped	B0ACC008BK	Guantes Cuero Negros	1	USD	35.58	2.85	5.99	wyattrichard@example.org	North Jacob	NC
111-9093934-6765937	MRC000123	2026-03-27T15:02:01.501546+00:00	2026-03-30T15:02:01.501546+00:00	Shipped	b0cam003bem	Camisa Lino Beige M	1	USD	57.01	4.56	9.99	mark44@example.net	Johnshire	WY
111-4074940-2965395	MRC000124	2026-04-09T18:17:28.501603+00:00	2026-04-10T18:17:28.501603+00:00	Shipped	b0pan002bk32	Pantalon Chino Negro 32	1	USD	63.79	5.10	7.99	maria00@example.org	New Jamesberg	PW
111-3989652-1827604	MRC000125	2026-04-13T23:01:38.501661+00:00	2026-04-14T23:01:38.501661+00:00	Shipped	B0ACC004GR	Mochila Urbana Gris	1	USD	59.35	4.75	9.99		Port Joseph	ME
111-3549343-8001613	MRC000126	2026-04-14T13:42:17.501748+00:00	2026-04-15T13:42:17.501748+00:00	Shipped	B0ACC006BK	Reloj Deportivo Negro	1	USD	98.79	7.90	9.99	harrischristopher@example.org	Turnertown	MA
111-7767776-7109816	MRC000127	2026-04-23T01:10:39.501841+00:00	2026-04-25T01:10:39.501841+00:00	Shipped	B0POL001BKM	Polo Basico Negro M	-1	USD	21.46	1.72	7.99		Kellyview	VI
111-8379290-7999399	MRC000128	2026-03-30T16:33:28.501892+00:00	2026-03-30T16:33:28.501892+00:00	Shipped	B0CAS004BKM	Chompa Lana Negra M	1	USD	79.13	6.33	0.00	elizabethross@example.net	Samuelmouth	AZ
111-4940648-5833679	MRC000129	2026-04-18T12:10:17.501973+00:00	2026-04-19T12:10:17.501973+00:00	Shipped	B0ZAP004BK42	Sandalia Playa Negra 42	1	USD	24.45	1.96	7.99		West Mark	NC
111-9535059-6419929	MRC000130	2026-04-20T02:40:54.502039+00:00	2026-04-20T02:40:54.502039+00:00	Shipped	B0PAN003BL30	Jean Slim Azul 30	1	USD	71.98	5.76	7.99	ggreen@example.net	Jefferyville	WV
111-4894923-1705275	MRC000131	2026-04-09T17:59:34.502108+00:00	2026-04-11T17:59:34.502108+00:00	Shipped	B0CAS003GRL	Hoodie Gris L	1	USD	64.76	5.18	7.99		East Carolineborough	AS
111-4535826-6704645	MRC000132	2026-04-09T09:28:18.502186+00:00	2026-04-09T09:28:18.502186+00:00	Shipped	B0POL001BKM	Polo Basico Negro M	1	USD	19.16	1.53	5.99	murrayjennifer@example.net	Burgessport	AR
111-7447430-3254146	MRC000133	2026-04-07T00:19:55.502283+00:00	2026-04-07T00:19:55.502283+00:00	Shipped	B0ACC005AV	Lentes Sol Aviador	1	USD	49.79	3.98	5.99	paynechad@example.org	West Laurachester	NJ
111-8990511-2034358	MRC000134	2026-04-12T13:40:18.502365+00:00	2026-04-12T13:40:18.502365+00:00	Pending	B0POL002WHM	Polo Basico Blanco M	1	USD	19.19	1.54	0.00	gcallahan@example.org	Brandistad	RI
111-8990511-2034358	MRC000134	2026-04-12T13:40:18.502365+00:00	2026-04-12T13:40:18.502365+00:00	Pending	B0POL002WHM	Polo Basico Blanco M	1	USD	19.19	1.54	0.00	gcallahan@example.org	Brandistad	RI
111-8297533-1508987	MRC000135	2026-04-01T08:20:27.502425+00:00	2026-04-02T08:20:27.502425+00:00	Shipped	B0CAS001BKL	Casaca Cuero Negra L	3	USD	479.40	38.35	0.00	jacob14@example.com	Andersonbury	IN
111-6300481-9609695	MRC000136	2026-03-29T09:01:00.502489+00:00	2026-04-01T09:01:00.502489+00:00	Shipped	B0POL005BLL	Polo Deportivo Azul L	1	USD	31.11	2.49	0.00	kaitlynmontes@example.net	Ericfurt	OR
111-5833082-5729722	MRC000137	2026-04-03T07:17:34.502576+00:00	2026-04-03T07:17:34.502576+00:00	Shipped	B0ZAP004BK42	Sandalia Playa Negra 42	1	USD	24.42	1.95	7.99		Adamberg	NV
111-2887140-5843944	MRC000138	2026-04-10T02:26:01.502663+00:00	2026-04-11T02:26:01.502663+00:00	Shipped	B0CAS003GRL	Hoodie Gris L	1	USD	62.61	5.01	0.00	sylvia58@example.com	West Melanieshire	AS
111-5218065-9375020	MRC000139	2026-04-01T20:44:52.502720+00:00	2026-04-04T20:44:52.502720+00:00	Shipped	 B0ACC005AV	Lentes Sol Aviador	1	USD	47.81	3.82	7.99	tracey36@example.org	Hornstad	CO
111-9190103-3804999	MRC000140	2026-04-01T17:57:50.502787+00:00	2026-04-01T17:57:50.502787+00:00	Shipped	B0CAS003GRL	Hoodie Gris L	1	USD	70.50	5.64	7.99	mariawalter@example.net	Austinview	KS
111-4577707-1609107	MRC000141	2026-04-07T06:33:53.502868+00:00	2026-04-09T06:33:53.502868+00:00	Shipped	B0ACC001BK	Correa Cuero Negra	1	USD	29.69	2.38	5.99	jody83@example.org	South Loriville	MI
111-7235156-8510482	MRC000142	2026-04-10T11:56:08.502920+00:00	2026-04-12T11:56:08.502920+00:00	Shipped	B0POL005BLL 	Polo Deportivo Azul L	1	USD	30.34	2.43	5.99	bthomas@example.com	Anthonymouth	MT
111-9449725-8291902	MRC000143	2026-04-07T11:51:56.502984+00:00	2026-04-09T11:51:56.502984+00:00	Shipped	B0PAN004BKM	Short Deportivo Negro M	1	USD	33.54	2.68	7.99	sandraenglish@example.com	Thompsonburgh	NJ
111-9151093-5356284	MRC000144	2026-04-13T15:12:25.503081+00:00	2026-04-14T15:12:25.503081+00:00	Shipped	B0CAM002WHL	Camisa Oxford Blanca L	1	USD	53.54	4.28	0.00	ryanwalters@example.net	Port Jesse	KS
111-7630958-4886134	MRC000145	2026-03-29T10:47:00.503169+00:00	2026-03-29T10:47:00.503169+00:00	Shipped	B0CAS003GRL	Hoodie Gris L	1	USD	64.42	5.15	9.99	stacystanley@example.com	Shaneton	ME
111-6523469-3288122	MRC000146	2026-04-16T11:03:54.503256+00:00	2026-04-19T11:03:54.503256+00:00	Refunded	B0CAS004BKM	Chompa Lana Negra M	1	USD	87.15	6.97	0.00	anna63@example.net	Elizabethmouth	CA
111-4960858-8098351	MRC000147	2026-04-06T16:36:43.503312+00:00	2026-04-07T16:36:43.503312+00:00	Shipped	B0ZAP004BK42	Sandalia Playa Negra 42	1	USD	24.78	1.98	7.99	elizabethwilson@example.org	Christinehaven	ID
111-1541905-9646078	MRC000148	2026-04-17T19:11:49.503390+00:00	2026-04-19T19:11:49.503390+00:00	Cancelled	B0ACC003BK	Gorra Logo Negra	1	USD	20.92	1.67	7.99	wphillips@example.com	Alexanderville	WI
111-7842105-4075577	MRC000149	2026-04-21T21:55:53.503457+00:00	2026-04-22T21:55:53.503457+00:00	Shipped	B0ZAP005BR43	Bota Trekking Marron 43	1	USD	140.99	11.28	0.00	carloswarren@example.com	Meganstad	PA
111-6415721-6043358	MRC000150	2026-04-19T13:20:26.503542+00:00	2026-04-20T13:20:26.503542+00:00	Shipped	B0ACC008BK	Guantes Cuero Negros	1	USD	35.33	2.83	0.00	wtodd@example.com	Evanstown	MD
111-4094288-1077781	MRC000151	2026-03-31T19:14:06.503619+00:00	2026-04-01T19:14:06.503619+00:00	Shipped	B0ZAP005BR43	Bota Trekking Marron 43	1	USD	129.63	10.37	9.99	hobbsdavid@example.net	Jameshaven	SD
111-3308964-8556581	MRC000152	2026-04-06T13:14:49.503713+00:00	2026-04-07T13:14:49.503713+00:00	Shipped	B0CAS001BKL	Casaca Cuero Negra L	1	USD	148.51	11.88	9.99	danielsamber@example.com	West Christopher	OR
111-4971024-2922456	MRC000153	2026-04-16T00:53:47.503801+00:00	2026-04-16T00:53:47.503801+00:00	Shipped	B0POL005BLL	Polo Deportivo Azul L	1	USD	28.75	2.30	5.99	daniel70@example.com	Owensfort	DE
111-9978584-9421799	MRC000154	2026-04-23T21:19:43.503861+00:00	2026-04-23T21:19:43.503861+00:00	Refunded	B0PAN004BKM	Short Deportivo Negro M	2	USD	68.98	5.52	5.99		Mooreview	ME
111-8860231-1402128	MRC000155	2026-04-18T20:42:25.503949+00:00	2026-04-20T20:42:25.503949+00:00	Pending	B0PAN001BE32	Pantalon Chino Beige 32	1	USD	65.86	5.27	0.00	karenjohnson@example.net	New Julie	MI
111-5059428-1602860	MRC000156	2026-03-28T01:07:52.504036+00:00	2026-03-31T01:07:52.504036+00:00	Shipped	B0CAM002WHL	Camisa Oxford Blanca L	1	USD	51.38	4.11	5.99		South Kaylee	IN
111-8734967-2071741	MRC000157	2026-04-20T18:48:44.504092+00:00	2026-04-23T18:48:44.504092+00:00	Cancelled	B0ACC008BK	Guantes Cuero Negros	2	USD	66.46	5.32	0.00	ericreyes@example.net	Olsonport	NE
111-8975913-5892121	MRC000158	2026-03-28T11:53:19.504189+00:00	2026-03-29T11:53:19.504189+00:00	Shipped	B0PAN002BK32	Pantalon Chino Negro 32	2	USD	121.98	9.76	5.99		Katiebury	AR
111-4857991-3390736	MRC000159	2026-04-16T18:32:45.504276+00:00	2026-04-19T18:32:45.504276+00:00	Pending	B0PAN004BKM	Short Deportivo Negro M	3	USD	114.63	9.17	0.00		Jilltown	NM
111-9967546-5674952	MRC000160	2026-04-16T06:20:18.504358+00:00	2026-04-18T06:20:18.504358+00:00	Shipped	B0ACC001BK	Correa Cuero Negra	2	USD	57.30	4.58	0.00	zlowe@example.com	North Andrew	PW
111-4691901-5898606	MRC000161	2026-03-29T05:59:27.504418+00:00	2026-03-29T05:59:27.504418+00:00	Refunded	B0ACC008BK	Guantes Cuero Negros	1	USD	33.89	2.71	7.99		Port Brendafurt	OH
111-8326094-1130215	MRC000162	2026-04-10T19:19:28.504503+00:00	2026-04-10T19:19:28.504503+00:00	Shipped	B0CAS002BLM	Casaca Jean Azul M	1	USD	86.96	6.96	7.99	ychristian@example.org	South Morganville	CA
111-3657093-3973417	MRC000163	2026-04-12T00:36:54.504570+00:00	2026-04-13T00:36:54.504570+00:00	Shipped	B0POL003BLL	Polo Estampado Azul L	3	USD	74.40	5.95	0.00	umorales@example.net	West Richard	AK
111-2614393-1734742	MRC000164	2026-04-12T11:04:06.504637+00:00	2026-04-12T11:04:06.504637+00:00	Shipped	B0PAN002BK32	Pantalon Chino Negro 32	1	USD	60.51	4.84	7.99	tallen@example.net	Cervantesside	LA
111-6698240-5651550	MRC000165	2026-04-19T14:28:15.504713+00:00	2026-04-20T14:28:15.504713+00:00	Shipped	B0PAN001BE32	Pantalon Chino Beige 32	1	USD	64.69	5.18	5.99	pwhitney@example.org	New Rogerchester	IN
111-3471057-1327798	MRC000166	2026-04-16T18:00:26.504780+00:00	2026-04-16T18:00:26.504780+00:00	Shipped	B0POL003BLL	Polo Estampado Azul L	1	USD	26.43	2.11	7.99		Robertview	GU
111-3471057-1327798	MRC000166	2026-04-16T18:00:26.504780+00:00	2026-04-16T18:00:26.504780+00:00	Shipped	B0POL003BLL	Polo Estampado Azul L	1	USD	26.43	2.11	7.99		Robertview	GU
111-5891486-7245306	MRC000167	2026-03-30T17:45:17.504834+00:00	2026-04-02T17:45:17.504834+00:00	Shipped	B0PAN003BL30	Jean Slim Azul 30	1	USD	66.43	5.31	0.00	heathdestiny@example.com	New Danielle	WA
111-6579694-1802547	MRC000168	2026-04-19T18:29:34.504916+00:00	2026-04-19T18:29:34.504916+00:00	Shipped	B0ZAP005BR43	Bota Trekking Marron 43	1	USD	130.95	10.48	0.00		Robertschester	WI
111-5591606-5488421	MRC000169	2026-03-30T09:35:56.504984+00:00	2026-03-31T09:35:56.504984+00:00	Shipped	B0CAS002BLM	Casaca Jean Azul M	1	USD	97.05	7.76	9.99	xmitchell@example.net	New Susanville	NM
111-3143901-9091536	MRC000170	2026-04-17T11:08:25.505052+00:00	2026-04-18T11:08:25.505052+00:00	Shipped	B0PAN005GR32	Bermuda Cargo Verde 32	1	USD	47.28	3.78	0.00		South Brentborough	HI
111-8065015-2544983	MRC000171	2026-04-03T09:02:36.505139+00:00	2026-04-04T09:02:36.505139+00:00	Shipped	B0PAN005GR32	Bermuda Cargo Verde 32	2	USD	89.52	7.16	7.99	walterross@example.net	Duncanville	LA
111-9696733-2840897	MRC000172	2026-04-08T08:42:13.505238+00:00	2026-04-08T08:42:13.505238+00:00	Shipped	B0ZAP005BR43	Bota Trekking Marron 43	1	USD	124.60	9.97	0.00	kathryn49@example.com	Lake James	PW
111-3540399-9186833	MRC000173	2026-04-12T08:19:49.505295+00:00	2026-04-12T08:19:49.505295+00:00	Shipped	B0POL004RDM	Polo Deportivo Rojo M	1	USD	29.18	2.33	0.00	hmcconnell@example.org	Millerport	AZ
111-1260398-2710744	MRC000174	2026-03-25T04:07:27.505372+00:00	2026-03-27T04:07:27.505372+00:00	Shipped	B0PAN003BL30	Jean Slim Azul 30	1	USD	68.36	5.47	9.99	ihuber@example.org	West Marcushaven	NV
111-4875513-7806433	MRC000175	2026-03-31T23:24:38.505433+00:00	2026-04-02T23:24:38.505433+00:00	Shipped	B0ZAP002BK41	Zapatilla Running Negra 41	1	USD	109.19	8.74	0.00	melissa08@example.net	New Matthewton	PR
111-2528392-7023202	MRC000176	2026-04-06T00:03:31.505485+00:00	2026-04-06T00:03:31.505485+00:00	Shipped	B0PAN001BE32	Pantalon Chino Beige 32	2	USD	129.70	10.38	5.99	timothyhull@example.org	Mikaylafort	KS
111-4354472-5426311	MRC000177	2026-04-08T09:27:27.505573+00:00	2026-04-11T09:27:27.505573+00:00	Shipped	B0ACC002BR	Billetera Cuero Marron	1	USD	38.32	3.07	9.99		Port Emilyberg	PR
111-8859247-7237801	MRC000178	2026-04-21T16:52:59.505660+00:00	2026-04-22T16:52:59.505660+00:00	Shipped	B0POL005BLL	Polo Deportivo Azul L	2	USD	57.28	4.58	5.99	vbowen@example.org	Port Marissaport	NE
111-2491902-6809954	MRC000179	2026-04-13T22:02:58.505730+00:00	2026-04-14T22:02:58.505730+00:00	Shipped	B0CAM002WHL	Camisa Oxford Blanca L	1	USD	50.18	4.01	0.00	qshort@example.org	Byrdchester	TN
111-4850025-9795294	MRC000180	2026-03-31T22:25:53.505807+00:00	2026-03-31T22:25:53.505807+00:00	Shipped	B0ACC004GR	Mochila Urbana Gris	1	USD	59.01	4.72	7.99		Lake Raymond	GA
